{
    "id": 9,
    "name": "ALS",
    "parameters": {
        "epochs": 20,
        "rank": 9,
        "regularization": 0.1,
        "normalization": "zscore",
        "imputation": "zeros"
    },
    "train_rmse": [
        0.8826314784787087,
        0.8762820903117611,
        0.8734031840487774,
        0.8716420235744246,
        0.870459944584808,
        0.8696205593419095,
        0.8689977145811162,
        0.8685202228660469,
        0.8681452429301465,
        0.8678444352527077,
        0.8675987824997045,
        0.8673953910727108,
        0.867225109822235,
        0.8670810209714294,
        0.8669579401013576,
        0.8668515826052018,
        0.8667583645804312,
        0.8666755392381984,
        0.8666009721898816,
        0.8665326547539961
    ],
    "val_rmse": [
        1.0147330989364536,
        1.0176922432394813,
        1.019393626160853,
        1.021208917189934,
        1.0223280816773128,
        1.0230449990068953,
        1.0236915447689505,
        1.0243778254987699,
        1.024822444690264,
        1.0251617546288965,
        1.0255108812595195,
        1.0258638248320457,
        1.0261734299734524,
        1.02642151628324,
        1.026623109998678,
        1.0267961777438877,
        1.026952419171376,
        1.0270906048408346,
        1.0272148107080272,
        1.0273245551023211
    ]
}