{
    "id": 2,
    "name": "ALS",
    "parameters": {
        "epochs": 20,
        "rank": 5,
        "regularization": 0.1
    },
    "train_rmse": [
        0.9707622042996364,
        0.9699463250061091,
        0.9694572321472326,
        0.9691237196852133,
        0.968880040225119,
        0.9686935353737527,
        0.9685458717079461,
        0.9684258864676094,
        0.968326364503882,
        0.968242421467829,
        0.9681706261722459,
        0.9681084939756154,
        0.968054179439432,
        0.9680062820457611,
        0.9679637190514161,
        0.9679256397762865,
        0.9678913663237999,
        0.9678603516545738,
        0.9678321493430174,
        0.9678063913760987
    ],
    "val_rmse": [
        1.0130951714820295,
        1.01298850019733,
        1.0128558815527702,
        1.0127423176576176,
        1.0126488672926888,
        1.0125717151415679,
        1.0125073091756396,
        1.0124528939807527,
        1.0124063950828004,
        1.0123662481331839,
        1.0123312614878417,
        1.0123005161620915,
        1.0122732945230655,
        1.0122490294050979,
        1.0122272674773989,
        1.0122076425691067,
        1.0121898560094373,
        1.0121736619649986,
        1.012158856379179,
        1.012145268538697
    ]
}