{
    "id": 3,
    "name": "ALS",
    "parameters": {
        "epochs": 20,
        "rank": 7,
        "regularization": 0.1
    },
    "train_rmse": [
        0.9648008834819464,
        0.9638347136831688,
        0.9632611545283436,
        0.962872511898942,
        0.9625900497926413,
        0.9623748862001413,
        0.9622052735480472,
        0.9620680115673207,
        0.9619545934564278,
        0.9618592767540292,
        0.9617780380253554,
        0.9617079706167235,
        0.9616469201020346,
        0.9615932543928681,
        0.9615457136686263,
        0.9615033094629595,
        0.9614652550342458,
        0.9614309162239713,
        0.9613997760746562,
        0.9613714088972343
    ],
    "val_rmse": [
        1.0117083837991572,
        1.0117474390972712,
        1.0116899930388668,
        1.0116232085470591,
        1.0115619512811664,
        1.0115083383958012,
        1.011461859122408,
        1.0114215080218303,
        1.0113863011943978,
        1.0113553941380948,
        1.0113280909930271,
        1.0113038253862772,
        1.0112821367765716,
        1.0112626491885155,
        1.0112450538089748,
        1.0112290952395517,
        1.011214560773287,
        1.0112012720481107,
        1.0111890785302566,
        1.0111778523974748
    ]
}