{
    "id": 1,
    "name": "ALS",
    "parameters": {
        "epochs": 20,
        "rank": 3,
        "regularization": 0.1
    },
    "train_rmse": [
        0.9774782990405882,
        0.976826555076745,
        0.976431038424315,
        0.9761601113492783,
        0.9759618003016541,
        0.9758099387656437,
        0.975689726537625,
        0.9755921079721435,
        0.9755112099256646,
        0.9754430469314189,
        0.9753848145171303,
        0.9753344795359749,
        0.9752905307857797,
        0.9752518209297345,
        0.9752174628131592,
        0.9751867594447886,
        0.9751591555032249,
        0.9751342030018282,
        0.9751115365003821,
        0.975090854896616
    ],
    "val_rmse": [
        1.014712947342111,
        1.014455430103472,
        1.0142507065691224,
        1.0140955912151468,
        1.0139757204761584,
        1.0138807240672325,
        1.0138037609857635,
        1.013740243620333,
        1.0136869993746407,
        1.0136417687076016,
        1.0136029007154341,
        1.013569162527708,
        1.0135396159648635,
        1.0135135353035594,
        1.0134903509989805,
        1.0134696102865242,
        1.013450949048116,
        1.013434071369042,
        1.0134187344512813,
        1.0134047373242876
    ]
}