{
    "id": 15,
    "name": "ALS",
    "parameters": {
        "epochs": 20,
        "rank": 15,
        "regularization": 0.1,
        "normalization": "zscore",
        "imputation": "zeros"
    },
    "train_rmse": [
        0.840422782336514,
        0.8305864351702636,
        0.8260772984024224,
        0.8232563228740575,
        0.8212997745361009,
        0.8198545322314882,
        0.8187337099086903,
        0.8178340458765887,
        0.8170942989317664,
        0.8164736132317192,
        0.8159452221497332,
        0.8154893368626364,
        0.8150916858095202,
        0.8147426314872815,
        0.8144343148724595,
        0.8141602645904874,
        0.8139131641762373,
        0.8136916003099588,
        0.8134940777179991,
        0.8133161167214027
    ],
    "val_rmse": [
        1.075351852512013,
        1.078461886803923,
        1.0817210634108652,
        1.0842705190124724,
        1.0864981302968355,
        1.088682070949118,
        1.090947766929488,
        1.0929842094248174,
        1.0948410735364817,
        1.0964574272603032,
        1.0977323383495554,
        1.0988040100343097,
        1.0998104845611867,
        1.1007813372326978,
        1.1017812969733194,
        1.1028633324508017,
        1.1039976582592355,
        1.1051890347779714,
        1.1061118242879922,
        1.1069121125953119
    ]
}