{
    "id": 7,
    "name": "ALS",
    "parameters": {
        "epochs": 20,
        "rank": 7,
        "regularization": 0.1,
        "normalization": "zscore",
        "imputation": "zeros"
    },
    "train_rmse": [
        0.8966843753211524,
        0.8914418491604572,
        0.8892031319004248,
        0.8879154596589488,
        0.8870852757919693,
        0.8865102725225243,
        0.8860941252952048,
        0.8857834878094549,
        0.8855458042909082,
        0.8853603127128081,
        0.8852132797534432,
        0.885095335620426,
        0.8849997881044258,
        0.8849221567684535,
        0.8848590306212182,
        0.8848071753636793,
        0.8847640918137614,
        0.884727923853016,
        0.8846972660149288,
        0.8846710412517547
    ],
    "val_rmse": [
        1.0022449274476066,
        1.0034539859838385,
        1.0039634204610757,
        1.0046158852458553,
        1.0050700754157502,
        1.0055308356382722,
        1.0058745168510137,
        1.0060673377230454,
        1.0062140256632093,
        1.0063363791849824,
        1.0064431679114638,
        1.0065474512723136,
        1.0066832633681375,
        1.0068576415897033,
        1.0070106396590055,
        1.0071389946431542,
        1.0072539784795294,
        1.0073600907812412,
        1.007459369400657,
        1.0075529947994672
    ]
}