{
    "id": 10,
    "name": "ALS",
    "parameters": {
        "epochs": 20,
        "rank": 10,
        "regularization": 0.1,
        "normalization": "zscore",
        "imputation": "zeros"
    },
    "train_rmse": [
        0.8754577686322261,
        0.8685019033956146,
        0.8653195057300916,
        0.8633658117320073,
        0.8620511640492318,
        0.8611153321637698,
        0.8604251979699186,
        0.8599006752198561,
        0.8594895682360438,
        0.8591620020297395,
        0.8588981827977578,
        0.8586810383729436,
        0.8584989760526393,
        0.8583436135972349,
        0.858208794848266,
        0.8580901131689984,
        0.8579845475779755,
        0.8578898158592424,
        0.8578040461325902,
        0.8577257396225964
    ],
    "val_rmse": [
        1.0220009944725912,
        1.0259777410339341,
        1.0278562939694214,
        1.029609632294437,
        1.0308933489960244,
        1.032007310326789,
        1.0329688265408343,
        1.0338370004453876,
        1.0345839796687852,
        1.0351731452212565,
        1.0356252133906974,
        1.0360281691063322,
        1.0364013673444155,
        1.0367353444018281,
        1.0370368977803868,
        1.0373158369173765,
        1.0375682903067476,
        1.037789757001477,
        1.0379884180353367,
        1.038160777755027
    ]
}