{
    "id": 4,
    "name": "ALS",
    "parameters": {
        "epochs": 20,
        "rank": 9,
        "regularization": 0.1
    },
    "train_rmse": [
        0.959670187500867,
        0.9585938633118385,
        0.9579619355353742,
        0.957537260399285,
        0.9572308413493316,
        0.956998921860547,
        0.9568171090663253,
        0.9566706533076147,
        0.9565500920247018,
        0.9564490697192315,
        0.9563631571717993,
        0.9562891719028627,
        0.9562247676265164,
        0.9561681760536607,
        0.9561180388985596,
        0.9560732953319412,
        0.9560331046319386,
        0.9559967918160733,
        0.955963808655154,
        0.9559337052133591
    ],
    "val_rmse": [
        1.011011799213755,
        1.0112006319916984,
        1.0112245303941227,
        1.0112116627990093,
        1.0111900653068897,
        1.0111674021080819,
        1.0111459873815036,
        1.0111264600363288,
        1.0111088880087593,
        1.0110931461536634,
        1.0110790547472608,
        1.0110664309710418,
        1.0110551069425813,
        1.0110449346145853,
        1.011035785619143,
        1.011027549340873,
        1.0110201305503752,
        1.011013447116127,
        1.0110074279723624,
        1.0110020113803075
    ]
}