{
    "id": 8,
    "name": "ALS",
    "parameters": {
        "epochs": 20,
        "rank": 8,
        "regularization": 0.1,
        "normalization": "zscore",
        "imputation": "zeros"
    },
    "train_rmse": [
        0.8895160556217824,
        0.8838406665101197,
        0.8813364905218655,
        0.8798211901963374,
        0.8787956608966819,
        0.8780567652630303,
        0.8775037167951772,
        0.8770792441534738,
        0.8767446504081329,
        0.8764759054566446,
        0.8762593375849747,
        0.8760835724241723,
        0.8759398795021879,
        0.8758215411903144,
        0.8757232737883448,
        0.8756409187300211,
        0.8755712176646827,
        0.8755116286060511,
        0.8754601744857055,
        0.8754153185055253
    ],
    "val_rmse": [
        1.0081804959893317,
        1.010186656506737,
        1.011625150801343,
        1.01261685425985,
        1.0132684684161954,
        1.0138867798595534,
        1.0145171669463522,
        1.0149311921207578,
        1.0151405699844118,
        1.015475423566524,
        1.015717545967601,
        1.0158913192250902,
        1.016041172467192,
        1.0161745703004217,
        1.0162925441546768,
        1.0163954924837706,
        1.016484515677332,
        1.016561330338053,
        1.0166278412475271,
        1.0166857820352095
    ]
}