{
    "id": 5,
    "name": "ALS",
    "parameters": {
        "epochs": 20,
        "rank": 11,
        "regularization": 0.1
    },
    "train_rmse": [
        0.9547519667864016,
        0.953597848474068,
        0.9529298806421179,
        0.9524866092173258,
        0.9521706967182928,
        0.9519345278175224,
        0.9517516622262309,
        0.9516061671528552,
        0.9514878542731517,
        0.9513899030265442,
        0.9513075764432698,
        0.9512374836075903,
        0.9511771348324417,
        0.9511246623057826,
        0.9510786385521575,
        0.9510379549371578,
        0.9510017382435489,
        0.9509692920812385,
        0.9509400549068728,
        0.9509135694033156
    ],
    "val_rmse": [
        1.0106629380117955,
        1.0109941482122864,
        1.0110920803350858,
        1.0111260052577242,
        1.0111373681739761,
        1.0111395224859812,
        1.0111376534328287,
        1.0111340249828118,
        1.0111296997724886,
        1.0111251967829709,
        1.0111207718341477,
        1.0111165472394137,
        1.011112575542461,
        1.011108872377738,
        1.011105434030173,
        1.0111022470527264,
        1.0110992936028542,
        1.0110965544021586,
        1.0110940103479917,
        1.0110916433506312
    ]
}