{
    "id": 6,
    "name": "ALS",
    "parameters": {
        "epochs": 20,
        "rank": 6,
        "regularization": 0.1,
        "normalization": "zscore",
        "imputation": "zeros"
    },
    "train_rmse": [
        0.9057628293842168,
        0.9009427410206462,
        0.8988133557333825,
        0.8975609775342396,
        0.8967546155985707,
        0.8962101584078042,
        0.8958312225658582,
        0.8955613806602576,
        0.895365186975646,
        0.8952195154050411,
        0.8951090499219257,
        0.8950235578424337,
        0.8949560922128668,
        0.8949018063347461,
        0.8948572810130363,
        0.894820090044306,
        0.8947884914871658,
        0.8947612216262061,
        0.8947373581727683,
        0.8947162249258271
    ],
    "val_rmse": [
        0.9999182067638983,
        1.0002393269788283,
        1.000297625164998,
        1.0001738806826532,
        1.0001549206570641,
        1.0002093687216065,
        1.0003567677605898,
        1.00056251289596,
        1.0007622212468097,
        1.0009394166802146,
        1.0010944629472662,
        1.0012296342720521,
        1.0013478596285452,
        1.0014521989127576,
        1.0015446990038865,
        1.001626386202652,
        1.0016979468965146,
        1.001760112643633,
        1.0018136702881808,
        1.0018593291694982
    ]
}