{
    "id": 2,
    "name": "ALS",
    "parameters": {
        "epochs": 20,
        "rank": 2,
        "regularization": 0.1,
        "normalization": "zscore",
        "imputation": "zeros"
    },
    "train_rmse": [
        0.9446897573610661,
        0.9434950674050046,
        0.9430699375495027,
        0.9428110141570956,
        0.9426248799566326,
        0.9424820164002815,
        0.9423687770633927,
        0.942277346663149,
        0.9422026537784799,
        0.9421411346272379,
        0.9420901475501935,
        0.9420476640787505,
        0.9420120920067081,
        0.9419821657754486,
        0.9419568727049654,
        0.9419353993238696,
        0.9419170900257544,
        0.9419014143107497,
        0.941887940730409,
        0.9418763163528057
    ],
    "val_rmse": [
        0.9913644348511944,
        0.9912645744338572,
        0.9913969234559964,
        0.9914912119372078,
        0.9915583423583362,
        0.9916110968563399,
        0.9916557120561396,
        0.9916950565754366,
        0.9917305422465822,
        0.9917629512278675,
        0.9917927729261308,
        0.9918203435507097,
        0.99184590998411,
        0.9918696649557006,
        0.9918917695992594,
        0.9919123679570144,
        0.9919315949013063,
        0.991949578884167,
        0.9919664413773461,
        0.991982294907762
    ]
}