{
    "id": 3,
    "name": "ALS",
    "parameters": {
        "epochs": 20,
        "rank": 3,
        "regularization": 0.1,
        "normalization": "zscore",
        "imputation": "zeros"
    },
    "train_rmse": [
        0.9294304648927556,
        0.9279452465352996,
        0.9274865531374523,
        0.9272447576099685,
        0.9270897228888672,
        0.9269810837991312,
        0.9269010335871563,
        0.9268400011281865,
        0.9267922457565577,
        0.9267540888904297,
        0.9267230647277144,
        0.926697463108506,
        0.9266760646653736,
        0.9266579793615373,
        0.9266425442173418,
        0.9266292564970132,
        0.9266177289038326,
        0.9266076588386378,
        0.9265988068729928,
        0.9265909813955931
    ],
    "val_rmse": [
        0.9865831629566971,
        0.9866507627040988,
        0.9869725385108752,
        0.9872264502518096,
        0.9874286327486218,
        0.9875968386515409,
        0.9877408367417857,
        0.9878661650900316,
        0.9879763744345866,
        0.9880740106318405,
        0.9881610362224121,
        0.9882390253091682,
        0.9883092665145418,
        0.9883728263725242,
        0.9884305936041285,
        0.9884833125872265,
        0.9885316097115403,
        0.9885760145168467,
        0.9886169767765444,
        0.9886548803479122
    ]
}