{
    "id": 4,
    "name": "ALS",
    "parameters": {
        "epochs": 20,
        "rank": 4,
        "regularization": 0.1,
        "normalization": "zscore",
        "imputation": "zeros"
    },
    "train_rmse": [
        0.9223554710765363,
        0.9196102919889217,
        0.9184290918116516,
        0.9177166024309078,
        0.9172476031735148,
        0.9169239790090925,
        0.9166928130200563,
        0.9165224114790352,
        0.9163926907238475,
        0.9162907722784553,
        0.916208280635658,
        0.9161396271485787,
        0.9160810181984075,
        0.9160298609726263,
        0.9159843876659106,
        0.9159433989209101,
        0.9159060592548136,
        0.9158717359649388,
        0.9158399070528842,
        0.9158101261421503
    ],
    "val_rmse": [
        0.9920759551253507,
        0.9929321483780054,
        0.9927047392521947,
        0.9922424209495548,
        0.9918904436406982,
        0.9917143822200477,
        0.9916542793595567,
        0.9916397883854755,
        0.9916371384298108,
        0.9916369319202297,
        0.9916371846755553,
        0.9916379470373099,
        0.9916401118680663,
        0.9916446574252534,
        0.9916520378990221,
        0.9916618978790376,
        0.9916732955942538,
        0.9916853133726702,
        0.991697497359231,
        0.9917098331507572
    ]
}