{
    "id": 0,
    "name": "ALS",
    "parameters": {
        "epochs": 20,
        "rank": 1,
        "regularization": 0.1
    },
    "train_rmse": [
        0.9869891362052154,
        0.9866064156703828,
        0.9863705808530902,
        0.9862088654863553,
        0.9860907038734459,
        0.986000436141467,
        0.9859291516024677,
        0.9858713897247487,
        0.9858236110950399,
        0.9857834178810158,
        0.9857491264282758,
        0.9857195189848093,
        0.9856936925068746,
        0.9856709628850466,
        0.9856508022133487,
        0.9856327965021483,
        0.9856166164497802,
        0.9856019967910687,
        0.9855887214189097,
        0.9855766124771623
    ],
    "val_rmse": [
        1.0199820538807383,
        1.0197088752394967,
        1.0195231188190503,
        1.0193921622394302,
        1.0192954540576689,
        1.0192212411703285,
        1.0191625215616995,
        1.0191149034068334,
        1.0190755042067696,
        1.0190423580247445,
        1.0190140796271545,
        1.018989665353267,
        1.018968370315334,
        1.0189496300258418,
        1.0189330088427755,
        1.018918165133856,
        1.0189048271684857,
        1.018892776073729,
        1.0188818335516987,
        1.018871852874681
    ]
}