{
    "id": 20,
    "name": "ALS",
    "parameters": {
        "epochs": 20,
        "rank": 20,
        "regularization": 0.1,
        "normalization": "zscore",
        "imputation": "zeros"
    },
    "train_rmse": [
        0.8065965604724216,
        0.7942375149108506,
        0.7884533999216449,
        0.7847132062326723,
        0.7820537752747552,
        0.7800578291513235,
        0.778494614691786,
        0.7772342937291806,
        0.7761962445560354,
        0.7753247429865734,
        0.7745808276086213,
        0.773937914360954,
        0.7733779591642188,
        0.7728864329756346,
        0.7724511688462448,
        0.772062602084247,
        0.771712554772855,
        0.7713943876636975,
        0.7711030701266265,
        0.7708344827388676
    ],
    "val_rmse": [
        1.1376486912156305,
        1.1478047477466624,
        1.153271043539594,
        1.159031635280969,
        1.164529452653177,
        1.1684413767132362,
        1.171581847794334,
        1.1744455778587124,
        1.177395049782801,
        1.1802086312153908,
        1.182849360750285,
        1.1851670726299215,
        1.1870303422977992,
        1.1887082862982639,
        1.1902394951483841,
        1.191571441506695,
        1.1927260146465752,
        1.1937559140409473,
        1.1947246012680346,
        1.1957788110788437
    ]
}