{
    "id": 12,
    "name": "ALS",
    "parameters": {
        "epochs": 20,
        "rank": 12,
        "regularization": 0.1,
        "normalization": "zscore",
        "imputation": "zeros"
    },
    "train_rmse": [
        0.861352036600765,
        0.8531395652380519,
        0.8494194035025955,
        0.8471497836208551,
        0.8456026467674604,
        0.8444775000349432,
        0.8436265451813878,
        0.8429620909934373,
        0.8424305515233913,
        0.8419988760521842,
        0.8416442190977055,
        0.8413471515674062,
        0.8410930031098536,
        0.8408721925084395,
        0.8406783790498611,
        0.8405066067024235,
        0.8403530702427194,
        0.8402147484598598,
        0.8400892309257953,
        0.8399746171142196
    ],
    "val_rmse": [
        1.0379389318115833,
        1.0440541353395987,
        1.0469152999775058,
        1.0490549760760792,
        1.0510703782268596,
        1.0527901755876947,
        1.0543090430371729,
        1.0556347223276332,
        1.0566854566743933,
        1.0576765579465215,
        1.0584528618865507,
        1.058934961616055,
        1.059350681220471,
        1.059800105477545,
        1.0602603204837178,
        1.0607260560793734,
        1.0612002142940444,
        1.0616762292452653,
        1.0621465764192377,
        1.0626012846752926
    ]
}