{
    "id": 0,
    "name": "ALS",
    "parameters": {
        "epochs": 20,
        "rank": 3,
        "regularization": 0.1
    },
    "train_rmse": [
        0.9337833428352826,
        0.9310730763508079,
        0.9305419313144457,
        0.9303834249344063,
        0.930315686179951,
        0.9302774402648222,
        0.9302515247905607,
        0.9302320071139287,
        0.9302164111776263,
        0.9302035121956573,
        0.9301926108098073,
        0.9301832607486497,
        0.9301751534197329,
        0.930168063112415,
        0.9301618181465258,
        0.9301562842521759,
        0.9301513542494504,
        0.9301469412401171,
        0.9301429738964342,
        0.9301393930772647
    ],
    "val_rmse": [
        NaN,
        NaN,
        NaN,
        NaN,
        NaN,
        NaN,
        NaN,
        NaN,
        NaN,
        NaN,
        NaN,
        NaN,
        NaN,
        NaN,
        NaN,
        NaN,
        NaN,
        NaN,
        NaN,
        NaN
    ]
}