{
    "id": 5,
    "name": "ALS",
    "parameters": {
        "epochs": 20,
        "rank": 5,
        "regularization": 0.1,
        "normalization": "zscore",
        "imputation": "zeros"
    },
    "train_rmse": [
        0.9131958402669792,
        0.9094491340882149,
        0.9078308720968911,
        0.9068802280018354,
        0.9062680850618322,
        0.90585295011382,
        0.9055607546206142,
        0.9053531563959194,
        0.9052007708582719,
        0.9050860372545597,
        0.9049973326394071,
        0.9049270092655511,
        0.9048700258355475,
        0.9048229950231611,
        0.9047835775701534,
        0.904750114371161,
        0.904721400361186,
        0.9046965404616747,
        0.9046748552926135,
        0.9046558186109537
    ],
    "val_rmse": [
        0.994726133275459,
        0.9953488900753619,
        0.9949500995079561,
        0.9944664458243536,
        0.9942435979842179,
        0.9941699546192456,
        0.9941620918602174,
        0.9941892072483537,
        0.9942308198198403,
        0.9942778094675958,
        0.9943255024927016,
        0.9943717140907002,
        0.9944154907580672,
        0.9944565284229909,
        0.9944949232612538,
        0.9945309948452333,
        0.9945651457913851,
        0.9945977693933473,
        0.9946291996500719,
        0.994659690859332
    ]
}