{
    "id": 28,
    "name": "FSVD",
    "parameters": {
        "rank": 28,
        "lr": 0.001,
        "reg": 0.005,
        "n_epochs": 5000
    },
    "val_rmse": [
        1.0397111254596691,
        1.0248348541171726,
        1.017421699967156,
        1.0127969725806703,
        1.0096208466216698,
        1.0073311909938059,
        1.0056334407799665,
        1.0043516475411034,
        1.0033721555677804,
        1.0026177880917044,
        1.0020343005646908,
        1.0015825802438918,
        1.0012338564941836,
        1.0009666209423262,
        1.0007645772451645,
        1.0006152385648934,
        1.000508946535727,
        1.000438172080108
    ]
}