{
    "id": 26,
    "name": "FSVD",
    "parameters": {
        "rank": 26,
        "lr": 0.001,
        "reg": 0.005,
        "n_epochs": 5000
    },
    "val_rmse": [
        1.0396276111593095,
        1.0247364485527783,
        1.0173213110723998,
        1.0126981550728191,
        1.0095244500306304,
        1.0072372578916944,
        1.0055417755903868,
        1.0042620083345613,
        1.003284320604344,
        1.002531576063955,
        1.001949573488853,
        1.0014992405048402,
        1.0011518426463588,
        1.0008859039794331,
        1.0006851578434195,
        1.0005371453264924,
        1.0004322350967334,
        1.000362924914803
    ]
}