{
    "id": 25,
    "name": "FSVD",
    "parameters": {
        "rank": 27,
        "lr": 0.001,
        "reg": 0.005,
        "n_epochs": 100
    },
    "val_rmse": [
        1.0397332632902947,
        1.0247962772727413,
        1.0173209123708935,
        1.0127042996866484,
        1.0095166946949274,
        1.0072016320936497,
        1.0055085953748195,
        1.0042082347570087,
        1.0032248830213044,
        1.0024764080115436,
        1.001918005131609,
        1.0014496781672886,
        1.0010854492302814,
        1.0008273040414863,
        1.0006298482323666,
        1.0004781825384996,
        1.0003751425751344,
        1.0002961705403444,
        1.0002428524981613,
        1.0002233119068087,
        1.0002108648856303,
        1.000240134796886
    ]
}