{
    "id": 22,
    "name": "FSVD",
    "parameters": {
        "rank": 22,
        "lr": 0.001,
        "reg": 0.005,
        "n_epochs": 5000
    },
    "val_rmse": [
        1.0397526692063763,
        1.0248566939605737,
        1.0174337211538569,
        1.0128024402710047,
        1.0096205058253733,
        1.0073249571701073,
        1.0056209553582602,
        1.004332471720661,
        1.0033458376931552,
        1.0025838828067526,
        1.0019923692809964,
        1.001532184887196,
        1.0011745514081274,
        1.0008979448224418,
        1.0006860456951314,
        1.0005263373435878,
        1.000409125371571,
        1.0003268388798372
    ]
}