{
    "id": 8,
    "name": "FSVD",
    "parameters": {
        "rank": 8,
        "lr": 0.001,
        "reg": 0.005,
        "n_epochs": 5000
    },
    "val_rmse": [
        1.0387981968855098,
        1.023930335860944,
        1.016532438411397,
        1.0119221612342857,
        1.008757305965023,
        1.00647510070765,
        1.004780897772924,
        1.0034988512828673,
        1.0025154620712575,
        1.0017537133199854,
        1.00115950398475,
        1.0006938412118145,
        1.0003280488665414,
        1.0000406881553336,
        0.9998155086969951,
        0.9996400475080486,
        0.9995046494117646,
        0.9994017691180893,
        0.9993254658700629
    ]
}