{
    "id": 10,
    "name": "FSVD",
    "parameters": {
        "rank": 12,
        "lr": 0.001,
        "reg": 0.005,
        "n_epochs": 100
    },
    "val_rmse": [
        1.0390950686065228,
        1.0242009601414488,
        1.016810625988083,
        1.0121564808223373,
        1.0090041051637197,
        1.0066758693184261,
        1.0050091681904143,
        1.0037357512274077,
        1.0027570607244314,
        1.0019936558702076,
        1.0014082722862914,
        1.000940648542204,
        1.00063489254386,
        1.000325296575792,
        1.0001148242331137,
        0.9999433397181621,
        0.9997925057748122,
        0.999711052897948,
        0.9996248927592745,
        0.9996171930680567,
        0.999589526703076,
        0.9996185239826605
    ]
}