{
    "id": 26,
    "name": "FSVD",
    "parameters": {
        "rank": 28,
        "lr": 0.001,
        "reg": 0.005,
        "n_epochs": 100
    },
    "val_rmse": [
        1.0399139775149964,
        1.0249397461145928,
        1.0174651513052948,
        1.0128655078968964,
        1.0096933635266434,
        1.007349798543235,
        1.005674968403485,
        1.0043655300091823,
        1.0034223093122239,
        1.0026643700187734,
        1.0020681644639893,
        1.0015720677989557,
        1.0012724739854129,
        1.0009950046635416,
        1.0008151495873852,
        1.000627166428559,
        1.0005325647733156,
        1.0004696488522187,
        1.0004280729368742,
        1.00041629337328,
        1.0004436983079603
    ]
}