{
    "id": 3,
    "name": "FSVD",
    "parameters": {
        "rank": 5,
        "lr": 0.001,
        "reg": 0.005,
        "n_epochs": 100
    },
    "val_rmse": [
        1.0387381500444508,
        1.0238060170431265,
        1.0163881754302997,
        1.011766411422144,
        1.0086300602370297,
        1.0063022967876891,
        1.004621559404704,
        1.003302006083976,
        1.0022926792848095,
        1.001552600968467,
        1.0009383128911968,
        1.0004872296391452,
        1.0001080473323511,
        0.9998302103128837,
        0.9995788951329648,
        0.9993648982399321,
        0.9992740388243085,
        0.9991385054724281,
        0.9990277276373418,
        0.9989412206568486,
        0.998928794842032,
        0.9988867417876814,
        0.998875157330175,
        0.9988519395641452,
        0.9988049559170064,
        0.9988483883599981
    ]
}