{
    "id": 24,
    "name": "FSVD",
    "parameters": {
        "rank": 26,
        "lr": 0.001,
        "reg": 0.005,
        "n_epochs": 100
    },
    "val_rmse": [
        1.0396642013725637,
        1.024771204645434,
        1.0173146554311183,
        1.0126880611824935,
        1.0094761445285367,
        1.007216680807904,
        1.0055273598973953,
        1.0042450036991326,
        1.0032441391871547,
        1.0024810300520768,
        1.0018995708382676,
        1.0014287731230271,
        1.0010827103844957,
        1.000817855821595,
        1.0006043857824183,
        1.0004524622757769,
        1.000349153809954,
        1.0002432055554191,
        1.0002145758408116,
        1.000166883613102,
        1.0001785122043287
    ]
}