{
    "id": 2,
    "name": "FSVD",
    "parameters": {
        "rank": 2,
        "lr": 0.001,
        "reg": 0.005,
        "n_epochs": 5000
    },
    "val_rmse": [
        1.0386032295390994,
        1.0237326340047908,
        1.0163345110271267,
        1.0117242561040596,
        1.0085590449048354,
        1.0062758598226134,
        1.0045799259506538,
        1.0032953241817815,
        1.0023085118689234,
        1.001542445644535,
        1.0009430069843446,
        1.0004711895800136,
        1.0000983045946523,
        0.9998028991527178,
        0.9995687060161853,
        0.9993832416472094,
        0.9992368259948404,
        0.9991218841398496,
        0.9990324406190695
    ]
}