{
    "id": 11,
    "name": "FSVD",
    "parameters": {
        "rank": 11,
        "lr": 0.001,
        "reg": 0.005,
        "n_epochs": 5000
    },
    "val_rmse": [
        1.0390596150168607,
        1.0241866517337679,
        1.016782321079032,
        1.0121657733985379,
        1.0089948285939285,
        1.0067067674369392,
        1.0050070219889211,
        1.0037198114415136,
        1.0027316766219774,
        1.0019656183603076,
        1.0013675366502948,
        1.0008984283378133,
        1.000529599643904,
        1.000239589558858,
        1.0000121227322636,
        0.9998347095922933,
        0.9996976674172298,
        0.9995934227618068,
        0.9995160062413021
    ]
}