{
    "id": 21,
    "name": "FSVD",
    "parameters": {
        "rank": 21,
        "lr": 0.001,
        "reg": 0.005,
        "n_epochs": 5000
    },
    "val_rmse": [
        1.039288214666085,
        1.0244020143418073,
        1.0169900122623592,
        1.0123692469416112,
        1.0091971162820146,
        1.0069104630682728,
        1.0052143191298095,
        1.0039325909472279,
        1.0029515895528331,
        1.002194150206281,
        1.0016060541726477,
        1.0011482134605985,
        1.0007918743621438,
        1.0005155347366514,
        1.000302892728641,
        1.000141443993502,
        1.0000215007218136,
        0.9999354925914344
    ]
}