{
    "id": 4,
    "name": "FSVD",
    "parameters": {
        "rank": 6,
        "lr": 0.001,
        "reg": 0.005,
        "n_epochs": 100
    },
    "val_rmse": [
        1.038680820745287,
        1.0238261039565348,
        1.0164160212459945,
        1.011788320153356,
        1.0085958119084422,
        1.006345667619433,
        1.0046327229604401,
        1.003336893940193,
        1.0023552570367298,
        1.001634843943171,
        1.0009974740317624,
        1.0005176369285878,
        1.0001416079761032,
        0.9998821569620164,
        0.9996323500531502,
        0.9994621355229116,
        0.9993150695088036,
        0.999205203421574,
        0.9991558738945601,
        0.9990887272080142,
        0.9990497112178444,
        0.9990035945630305,
        0.9989769674450526,
        0.9989867794129897
    ]
}