{
    "id": 6,
    "name": "FSVD",
    "parameters": {
        "rank": 8,
        "lr": 0.001,
        "reg": 0.005,
        "n_epochs": 100
    },
    "val_rmse": [
        1.0388329623066046,
        1.0239187968031072,
        1.0164903726854613,
        1.011903136420296,
        1.0087324758846319,
        1.0064176670752139,
        1.0047513046845777,
        1.003445950629123,
        1.0024733939467831,
        1.0017420386996432,
        1.0011288009692458,
        1.0006658425279233,
        1.0003132318261256,
        1.0000335400511355,
        0.9997600227377217,
        0.9996191199768611,
        0.9994852320682175,
        0.9993741519709072,
        0.9992665281333413,
        0.9992685324419459
    ]
}