{
    "id": 15,
    "name": "FSVD",
    "parameters": {
        "rank": 15,
        "lr": 0.001,
        "reg": 0.005,
        "n_epochs": 5000
    },
    "val_rmse": [
        1.0391625323842393,
        1.0242981090138703,
        1.0169002275310555,
        1.0122894419612196,
        1.009124563204006,
        1.006843194140879,
        1.005150857991243,
        1.0038717982136498,
        1.0028925644286293,
        1.0021361660795998,
        1.0015485157442374,
        1.0010906276802547,
        1.0007338303521935,
        1.000456689696758,
        1.0002429619327458,
        1.000080193671351,
        0.9999587430341877,
        0.9998710821631154
    ]
}