{
    "id": 20,
    "name": "FSVD",
    "parameters": {
        "rank": 22,
        "lr": 0.001,
        "reg": 0.005,
        "n_epochs": 100
    },
    "val_rmse": [
        1.0395086024390146,
        1.0246019511556512,
        1.0171676570940102,
        1.0125904758184414,
        1.0094243305981785,
        1.0071303137101202,
        1.0054258657482191,
        1.0041542887220976,
        1.003182532125426,
        1.0023976873868923,
        1.001844906524938,
        1.0013374367248538,
        1.0010064250789652,
        1.0007483860565305,
        1.000572581490281,
        1.0003631702775209,
        1.0003072241699629,
        1.0002192266166616,
        1.0001678475804185,
        1.0001444949902896,
        1.0001403818811125,
        1.0001708269593403
    ]
}