{
    "id": 5,
    "name": "FSVD",
    "parameters": {
        "rank": 5,
        "lr": 0.001,
        "reg": 0.005,
        "n_epochs": 5000
    },
    "val_rmse": [
        1.0386949046242082,
        1.0238277597627363,
        1.016430896178192,
        1.01182110879121,
        1.0086560626740941,
        1.0063730104590018,
        1.0046773445601356,
        1.0033932529447709,
        1.0024072626923544,
        1.001642376672822,
        1.0010445078208874,
        1.0005746721016935,
        1.0002041974274989,
        0.9999116445872207,
        0.9996807585736098,
        0.9994990677781795,
        0.9993569045628277,
        0.9992467074551942,
        0.9991625158629002
    ]
}