{
    "id": 2,
    "name": "FSVD",
    "parameters": {
        "rank": 4,
        "lr": 0.001,
        "reg": 0.005,
        "n_epochs": 100
    },
    "val_rmse": [
        1.0387484110478509,
        1.023835432909911,
        1.0164430857801618,
        1.0117974493745612,
        1.0086226531846059,
        1.0063423251928127,
        1.0046553003680303,
        1.0033644798293522,
        1.0023660628555202,
        1.0016005501783776,
        1.0010315879799117,
        1.0005505897291533,
        1.000184097072982,
        0.9998547096564037,
        0.9996287107483377,
        0.9994415451965838,
        0.9993138529372355,
        0.99921901165332,
        0.9991263090694472,
        0.9990851145314686,
        0.9990084140971889,
        0.9990294376930982
    ]
}