{
    "id": 7,
    "name": "FSVD",
    "parameters": {
        "rank": 7,
        "lr": 0.001,
        "reg": 0.005,
        "n_epochs": 5000
    },
    "val_rmse": [
        1.0389079367203808,
        1.0240323415448596,
        1.016630880741989,
        1.0120181957189467,
        1.0088513351182147,
        1.0065672418389935,
        1.004871144495011,
        1.0035871413838415,
        1.0026017075502625,
        1.0018378136788992,
        1.001241351861388,
        1.0007733244467878,
        1.0004050508839484,
        1.0001150875319627,
        0.9998871783308897,
        0.9997088535810857,
        0.999570450238942,
        0.9994644139280795,
        0.9993847935383035
    ]
}