{
    "id": 13,
    "name": "FSVD",
    "parameters": {
        "rank": 13,
        "lr": 0.001,
        "reg": 0.005,
        "n_epochs": 5000
    },
    "val_rmse": [
        1.039081050558292,
        1.0242091071717094,
        1.0168088227934131,
        1.0121966296143596,
        1.009030404026968,
        1.006747484128044,
        1.0050532709896405,
        1.0037719266848837,
        1.0027899396135902,
        1.0020302721098815,
        1.001438800065163,
        1.000976508315973,
        1.0006147004592292,
        1.0003319199161218,
        1.0001119010390604,
        0.999942167948863,
        0.999813054722442,
        0.9997170072325484
    ]
}