{
    "id": 27,
    "name": "FSVD",
    "parameters": {
        "rank": 27,
        "lr": 0.001,
        "reg": 0.005,
        "n_epochs": 5000
    },
    "val_rmse": [
        1.0398446933311134,
        1.024941583490716,
        1.017515282361696,
        1.0128829074351755,
        1.0097013989145243,
        1.0074073075897678,
        1.0057055048392982,
        1.0044197987066088,
        1.0034364320021254,
        1.0026781899132002,
        1.0020908172231209,
        1.0016352011197411,
        1.00128257373494,
        1.0010114288006813,
        1.0008054699313602,
        1.0006522075446538,
        1.000541977684762,
        1.0004672428585786
    ]
}