{
    "id": 27,
    "name": "FSVD",
    "parameters": {
        "rank": 29,
        "lr": 0.001,
        "reg": 0.005,
        "n_epochs": 100
    },
    "val_rmse": [
        1.0399753566190353,
        1.0250471774616878,
        1.0175871456788117,
        1.0129712245875229,
        1.0098180260414527,
        1.007502088152578,
        1.0058228766768333,
        1.004526002882013,
        1.003514044047259,
        1.0027541809697957,
        1.0021955945632413,
        1.0017313152253824,
        1.0013715707098851,
        1.0010829941847645,
        1.0009116197346566,
        1.0007812288265494,
        1.000620960089378,
        1.0005814544201161,
        1.0005668854443357,
        1.0005492721710416,
        1.000515911606567,
        1.0005655951337118
    ]
}