{
    "id": 11,
    "name": "FSVD",
    "parameters": {
        "rank": 13,
        "lr": 0.001,
        "reg": 0.005,
        "n_epochs": 100
    },
    "val_rmse": [
        1.0390253359267765,
        1.024087004621223,
        1.0166714729245092,
        1.0120829228524155,
        1.008912004408933,
        1.0065914224732309,
        1.0048889113047634,
        1.0036143024467497,
        1.0026096856185023,
        1.001874640957659,
        1.001298813113305,
        1.0007849962172757,
        1.000447360454482,
        1.0001699193367186,
        0.9999357579555306,
        0.9997803931480748,
        0.999639408600839,
        0.9995536061401709,
        0.9994923034172748,
        0.9994394324802108,
        0.9994112289840735,
        0.9993774730040491,
        0.9993630355315142,
        0.9994212135357984
    ]
}