{
    "id": 13,
    "name": "FSVD",
    "parameters": {
        "rank": 15,
        "lr": 0.001,
        "reg": 0.005,
        "n_epochs": 100
    },
    "val_rmse": [
        1.039078160697878,
        1.0241440344214447,
        1.0167492223528576,
        1.0121456645048523,
        1.0089631779596822,
        1.0066913818584098,
        1.004996152785252,
        1.0036928171728574,
        1.002687330590778,
        1.001887949695193,
        1.001369383728903,
        1.0008660633871542,
        1.0005310766459488,
        1.0002209264934352,
        1.0000049345952011,
        0.9998349394472409,
        0.9997237265846545,
        0.9996477461138751,
        0.9995569224731763,
        0.999512447128143,
        0.9994876452974016,
        0.9994767172780177,
        0.9994894548160189
    ]
}