{
    "id": 12,
    "name": "FSVD",
    "parameters": {
        "rank": 12,
        "lr": 0.001,
        "reg": 0.005,
        "n_epochs": 5000
    },
    "val_rmse": [
        1.0390898636887542,
        1.0242073135065248,
        1.0167976032826613,
        1.0121780091495398,
        1.009005682252927,
        1.0067174689617364,
        1.0050185104209062,
        1.003732828425866,
        1.0027468278091396,
        1.0019834148020483,
        1.0013884235855075,
        1.0009228058492603,
        1.0005578379584639,
        1.0002720407476313,
        1.000049129948132,
        0.9998766145991254,
        0.9997448169228005,
        0.9996461739112547
    ]
}