{
    "id": 24,
    "name": "FSVD",
    "parameters": {
        "rank": 24,
        "lr": 0.001,
        "reg": 0.005,
        "n_epochs": 5000
    },
    "val_rmse": [
        1.0394583676009983,
        1.0245719856973319,
        1.0171607984237614,
        1.0125422822005241,
        1.0093734514989543,
        1.0070909220516857,
        1.0053996350459438,
        1.0041234718313323,
        1.0031487484941874,
        1.0023983207500227,
        1.0018179996390484,
        1.001368733714434,
        1.001021811529479,
        1.0007557785629262,
        1.000554385933554,
        1.0004051878182254,
        1.0002985607809927,
        1.0002270050923259
    ]
}