{
    "id": 9,
    "name": "FSVD",
    "parameters": {
        "rank": 11,
        "lr": 0.001,
        "reg": 0.005,
        "n_epochs": 100
    },
    "val_rmse": [
        1.039066183288094,
        1.0241102683945142,
        1.016676730960899,
        1.0120200507800112,
        1.0088552631236458,
        1.0066045015618847,
        1.0048975840081085,
        1.0035931292716047,
        1.0026055170420873,
        1.001861301137062,
        1.001258996479139,
        1.0007830306479328,
        1.0004155272156547,
        1.000092231567078,
        0.9998707748416265,
        0.9997264347333551,
        0.9995666963627855,
        0.9994686896156805,
        0.9994051450184882,
        0.9993574947558541,
        0.9993261325876168,
        0.9992631311610888,
        0.999298060471685
    ]
}