{
    "id": 0,
    "name": "FSVD",
    "parameters": {
        "rank": 2,
        "lr": 0.001,
        "reg": 0.005,
        "n_epochs": 100
    },
    "val_rmse": [
        1.0387119698721752,
        1.023712141208303,
        1.0162994074720437,
        1.011677778781438,
        1.0085250065341929,
        1.0062393601129993,
        1.00456559108784,
        1.003245878894799,
        1.0022784722191094,
        1.0014861770167391,
        1.0008896973864734,
        1.0004364877578948,
        1.0000324360431507,
        0.9997308083618118,
        0.9995412008185273,
        0.999354333336941,
        0.9991934497498649,
        0.9990379183777213,
        0.9989605670916221,
        0.9989346622063083,
        0.9988466153887745,
        0.9988298675407842,
        0.9987960608798114,
        0.9988051568705136
    ]
}