{
    "id": 23,
    "name": "FSVD",
    "parameters": {
        "rank": 23,
        "lr": 0.001,
        "reg": 0.005,
        "n_epochs": 5000
    },
    "val_rmse": [
        1.0396006089157335,
        1.0247034266580017,
        1.0172795072432192,
        1.0126477240239864,
        1.0094655218615811,
        1.007169742385551,
        1.0054654663189093,
        1.0041766516881199,
        1.0031896440260506,
        1.0024272956000975,
        1.0018353927457673,
        1.0013748465318981,
        1.0010169009870453,
        1.0007400537021052,
        1.0005280067815818,
        1.0003682655378994,
        1.0002511584777218,
        1.0001691388897278
    ]
}