{
    "id": 14,
    "name": "FSVD",
    "parameters": {
        "rank": 14,
        "lr": 0.001,
        "reg": 0.005,
        "n_epochs": 5000
    },
    "val_rmse": [
        1.0391012120819032,
        1.0242285650213514,
        1.0168312341557766,
        1.0122238920880142,
        1.009063178031197,
        1.0067859066226323,
        1.0050972894756491,
        1.0038214436726047,
        1.002844872034962,
        1.0020905725484193,
        1.0015044611284967,
        1.0010475600328193,
        1.0006912052529702,
        1.0004139671700938,
        1.0001996020607047,
        1.0000356515775992,
        0.9999124635788782,
        0.9998224945096679
    ]
}