{
    "id": 25,
    "name": "FSVD",
    "parameters": {
        "rank": 25,
        "lr": 0.001,
        "reg": 0.005,
        "n_epochs": 5000
    },
    "val_rmse": [
        1.0396205916268517,
        1.0247307744921605,
        1.0173152386525437,
        1.0126910568491283,
        1.0095161253743186,
        1.0072275537980993,
        1.005530494784464,
        1.004248907195128,
        1.003269123325547,
        1.0025139857059535,
        1.0019292771574153,
        1.0014759099076351,
        1.0011251316890935,
        1.0008554446590612,
        1.0006505552371137,
        1.0004979721343767,
        1.0003880259736018,
        1.0003131706938282
    ]
}