{
    "id": 17,
    "name": "FSVD",
    "parameters": {
        "rank": 17,
        "lr": 0.001,
        "reg": 0.005,
        "n_epochs": 5000
    },
    "val_rmse": [
        1.039410046046027,
        1.0245146363826534,
        1.0170914646692288,
        1.0124590630052444,
        1.0092753003414163,
        1.0069771248239179,
        1.0052695836662024,
        1.003976576011397,
        1.002984401285879,
        1.002215884209192,
        1.001616797782771,
        1.0011480479720165,
        1.000780876931155,
        1.000493780048704,
        1.0002704545796155,
        1.0000983969213064,
        0.9999679217854438,
        0.9998714633524143
    ]
}