{
    "id": 29,
    "name": "FSVD",
    "parameters": {
        "rank": 29,
        "lr": 0.001,
        "reg": 0.005,
        "n_epochs": 5000
    },
    "val_rmse": [
        1.0399693460085109,
        1.0250637487738592,
        1.0176356586025541,
        1.0130022052881853,
        1.0098203200035527,
        1.0075265787467906,
        1.0058258596270988,
        1.0045419586440902,
        1.0035610942621478,
        1.0028060212225665,
        1.0022224524737406,
        1.001771245098204,
        1.0014236046740466,
        1.001158002837492,
        1.000958125882504,
        1.0008114716465846,
        1.0007083681035538,
        1.000641273871271
    ]
}