{
    "id": 20,
    "name": "FSVD",
    "parameters": {
        "rank": 20,
        "lr": 0.001,
        "reg": 0.005,
        "n_epochs": 5000
    },
    "val_rmse": [
        1.0394477663663224,
        1.0245529078017332,
        1.017133372120458,
        1.0125057908181752,
        1.0093273719490368,
        1.0070349006639838,
        1.005333383678266,
        1.0040467103590072,
        1.0030611791256325,
        1.0022996177111463,
        1.0017078057667264,
        1.0012466600481524,
        1.0008874380983808,
        1.0006086555305787,
        1.0003940347200992,
        1.0002311020442587,
        1.000110206987665,
        1.000023823244485
    ]
}