{
    "id": 14,
    "name": "FSVD",
    "parameters": {
        "rank": 16,
        "lr": 0.001,
        "reg": 0.005,
        "n_epochs": 100
    },
    "val_rmse": [
        1.0391042429917365,
        1.024234884006843,
        1.0167695583111844,
        1.0121834075267724,
        1.0089795613357468,
        1.006723885358608,
        1.0050153755440498,
        1.0036836594364882,
        1.0027417134551948,
        1.0019609840952115,
        1.0013439421482426,
        1.0009171801486207,
        1.000529185596403,
        1.0002450469268938,
        0.9999974898722163,
        0.9998566160008643,
        0.9997164897272115,
        0.9996283712894082,
        0.9995714591596964,
        0.999499386813948,
        0.99944636158248,
        0.9994327046140461,
        0.9994385784391787
    ]
}