{
    "id": 4,
    "name": "FSVD",
    "parameters": {
        "rank": 4,
        "lr": 0.001,
        "reg": 0.005,
        "n_epochs": 5000
    },
    "val_rmse": [
        1.0386883029330136,
        1.023811882585324,
        1.0164112634916498,
        1.0118001205439147,
        1.0086347943763803,
        1.0063519044747344,
        1.0046565402950658,
        1.0033727388964473,
        1.002386946396114,
        1.0016221177943374,
        1.001024134544838,
        1.0005539896822828,
        1.0001829928428076,
        0.9998896890987393,
        0.9996578090508401,
        0.9994748672255538,
        0.9993311820899886,
        0.9992191778349664,
        0.9991328787718222
    ]
}