{
    "id": 5,
    "name": "FSVD",
    "parameters": {
        "rank": 7,
        "lr": 0.001,
        "reg": 0.005,
        "n_epochs": 100
    },
    "val_rmse": [
        1.0386930879297585,
        1.0238263574779585,
        1.016406074884618,
        1.011749448115714,
        1.008558270163117,
        1.006304111499307,
        1.0046070933366105,
        1.0032930484225628,
        1.0023624919509233,
        1.0015941681928817,
        1.000926696739332,
        1.0005002367171307,
        1.000131793124427,
        0.9998469576074392,
        0.99961190228842,
        0.9994247400150421,
        0.9993091627885815,
        0.9991808610704952,
        0.99909686056904,
        0.9990582860583024,
        0.9989779858796751,
        0.9989907118411119
    ]
}