{
    "id": 1,
    "name": "FSVD",
    "parameters": {
        "rank": 3,
        "lr": 0.001,
        "reg": 0.005,
        "n_epochs": 100
    },
    "val_rmse": [
        1.0386202252004446,
        1.0236702501823727,
        1.0162808163872223,
        1.0116821818473936,
        1.008459701619944,
        1.006200752182194,
        1.0045276356859432,
        1.0032281625593997,
        1.0022604051177924,
        1.0014830856298014,
        1.0008795217894362,
        1.0004158518357058,
        1.0000390648557975,
        0.9997051666815826,
        0.9995032330081252,
        0.9993636961325403,
        0.9991837493145761,
        0.9990425968235669,
        0.9989833429924502,
        0.9989165779431075,
        0.9988788164520049,
        0.9988110511024908,
        0.9987906726382894,
        0.9987726193151328,
        0.9987717945047324
    ]
}