{
    "id": 19,
    "name": "FSVD",
    "parameters": {
        "rank": 19,
        "lr": 0.001,
        "reg": 0.005,
        "n_epochs": 5000
    },
    "val_rmse": [
        1.0394816186107145,
        1.024594949758096,
        1.0171806463589894,
        1.0125566095225496,
        1.0093808354279987,
        1.0070904024573246,
        1.0053904534293177,
        1.0041049647449758,
        1.0031202999313673,
        1.0023593365755157,
        1.0017678912980392,
        1.0013069066155307,
        1.000947656180341,
        1.0006686634779483,
        1.0004536517210996,
        1.0002901420553765,
        1.000168473405611,
        1.000081104123889
    ]
}