{
    "id": 23,
    "name": "FSVD",
    "parameters": {
        "rank": 25,
        "lr": 0.001,
        "reg": 0.005,
        "n_epochs": 100
    },
    "val_rmse": [
        1.0397067514233418,
        1.0248128780381895,
        1.0173381401827883,
        1.0127289560489534,
        1.0095081292931307,
        1.0072336418684082,
        1.005546202163412,
        1.0042377942912608,
        1.0032647013415255,
        1.002545409689778,
        1.0019118562592397,
        1.0015165914104796,
        1.001125167945549,
        1.000862313371068,
        1.0006484565494747,
        1.0005370608527522,
        1.0004058553101163,
        1.0003436129886325,
        1.0003209126728543,
        1.0002854517062933,
        1.0002379601072668,
        1.000316408687211
    ]
}