{
    "id": 17,
    "name": "FSVD",
    "parameters": {
        "rank": 19,
        "lr": 0.001,
        "reg": 0.005,
        "n_epochs": 100
    },
    "val_rmse": [
        1.0393126994820447,
        1.0244255245015537,
        1.0170240594308373,
        1.012370552462831,
        1.009203705569847,
        1.0069146938362992,
        1.0052359097764088,
        1.0039693536470706,
        1.0029969613718752,
        1.0022360335714862,
        1.0016307180239377,
        1.0011802761857582,
        1.0008256575576648,
        1.0005366832156977,
        1.0003381511718392,
        1.0001696871148364,
        1.0000463589310757,
        0.999960034053201,
        0.9999202324433987,
        0.9999035411020168,
        0.9998817477356192,
        0.9998870878419716
    ]
}