{
    "id": 3,
    "name": "FSVD",
    "parameters": {
        "rank": 3,
        "lr": 0.001,
        "reg": 0.005,
        "n_epochs": 5000
    },
    "val_rmse": [
        1.038614477766022,
        1.0237474341969734,
        1.016352489806072,
        1.0117450140379545,
        1.0085822102692499,
        1.0063010934508088,
        1.00460693983081,
        1.0033238867202448,
        1.0023384439006968,
        1.0015736127190469,
        1.000975310960032,
        1.0005045608510499,
        1.00013269539685,
        0.9998382779961271,
        0.9996050531292736,
        0.9994205452690682,
        0.9992750793510767,
        0.9991610829573947,
        0.9990725810589415
    ]
}