{
    "id": 18,
    "name": "FSVD",
    "parameters": {
        "rank": 18,
        "lr": 0.001,
        "reg": 0.005,
        "n_epochs": 5000
    },
    "val_rmse": [
        1.039204131812788,
        1.0243168023973466,
        1.0169087222655664,
        1.0122915270012003,
        1.0091215957955952,
        1.006835802355808,
        1.0051394217614091,
        1.003856592601906,
        1.0028738043309675,
        1.002114021494351,
        1.0015231180580446,
        1.0010620729888655,
        1.0007021815512056,
        1.0004219778434176,
        1.000205187046272,
        1.0000393250575539,
        0.9999147192025083,
        0.9998238103992488
    ]
}