{
    "id": 16,
    "name": "FSVD",
    "parameters": {
        "rank": 18,
        "lr": 0.001,
        "reg": 0.005,
        "n_epochs": 100
    },
    "val_rmse": [
        1.0391539782804529,
        1.024255025539439,
        1.0168904009898305,
        1.0122332510342213,
        1.0090589695618228,
        1.0067813325144088,
        1.0050764087757946,
        1.003786681973563,
        1.0028121423461391,
        1.0020605336624004,
        1.0014616009519357,
        1.0009990404632083,
        1.0006347534827655,
        1.000369310878508,
        1.0001261946239084,
        0.9999588203356666,
        0.9998683806835167,
        0.9998131511444509,
        0.9997311436893874,
        0.9997371561605984
    ]
}