{
    "id": 12,
    "name": "FSVD",
    "parameters": {
        "rank": 14,
        "lr": 0.001,
        "reg": 0.005,
        "n_epochs": 100
    },
    "val_rmse": [
        1.0392130186409185,
        1.0242903656516162,
        1.0168801499342077,
        1.0122616315892283,
        1.0090951121178457,
        1.0067744980039004,
        1.0050863152734824,
        1.0038258982843156,
        1.0028135943657162,
        1.00204695448756,
        1.0014566228300001,
        1.0009703904674363,
        1.0006110817538985,
        1.0003283786060515,
        1.0000963866768289,
        0.9999399367622431,
        0.9998101365100058,
        0.9997130936397111,
        0.9996366185353173,
        0.9996002867391315,
        0.9995650076198324,
        0.9995689706058387
    ]
}