{
    "id": 22,
    "name": "FSVD",
    "parameters": {
        "rank": 24,
        "lr": 0.001,
        "reg": 0.005,
        "n_epochs": 100
    },
    "val_rmse": [
        1.039587836250696,
        1.0246780661559503,
        1.017256752298188,
        1.0126112269309295,
        1.0094188555179264,
        1.0070948308360492,
        1.0053690192579576,
        1.0040818785842216,
        1.0031202768623395,
        1.00235003920472,
        1.0017623765684183,
        1.0012998322766522,
        1.0009435299817648,
        1.0006562551279177,
        1.000455552685501,
        1.0002832364057572,
        1.0001436496894467,
        1.0001041391979046,
        1.0000218248550474,
        1.000012457371212,
        0.9999731635672535,
        0.9999955099174133
    ]
}