{
    "id": 9,
    "name": "FSVD",
    "parameters": {
        "rank": 9,
        "lr": 0.001,
        "reg": 0.005,
        "n_epochs": 5000
    },
    "val_rmse": [
        1.0388402185475558,
        1.023956147397335,
        1.0165515586177851,
        1.0119379701430455,
        1.0087711466213392,
        1.0064875540039846,
        1.004792229629329,
        1.0035091842369306,
        1.0025248444373343,
        1.001762147987512,
        1.0011669606602698,
        1.0007002616016702,
        1.00033334869757,
        1.0000447576680584,
        0.9998182123090161,
        0.9996412229510264,
        0.9995041064761138,
        0.999399288067577,
        0.9993207955565895
    ]
}