{
    "id": 10,
    "name": "FSVD",
    "parameters": {
        "rank": 10,
        "lr": 0.001,
        "reg": 0.005,
        "n_epochs": 5000
    },
    "val_rmse": [
        1.0390162654088653,
        1.0241292559420279,
        1.0167194291501498,
        1.0121011965603932,
        1.0089306995313305,
        1.006644379387595,
        1.004947183843247,
        1.0036630391356212,
        1.0026783059876143,
        1.0019158745189505,
        1.0013215780167826,
        1.0008563753593007,
        1.0004915541738015,
        1.000205648394653,
        0.9999823874752817,
        0.999809294177664,
        0.9996767041745892,
        0.9995770675674323
    ]
}