{
    "id": 19,
    "name": "FSVD",
    "parameters": {
        "rank": 21,
        "lr": 0.001,
        "reg": 0.005,
        "n_epochs": 100
    },
    "val_rmse": [
        1.0393183174280152,
        1.0244300658298782,
        1.0169972326026948,
        1.012362534574836,
        1.0092414377268948,
        1.0069469437441037,
        1.0053007997503713,
        1.0039852969072531,
        1.0030156042112346,
        1.0022926716478586,
        1.001687631518459,
        1.0012333239110436,
        1.0008775362223024,
        1.0006012105111868,
        1.00040165270807,
        1.0002210086647134,
        1.0001020002018408,
        1.0000358962376141,
        0.9999934102712251,
        0.9999676097811805,
        0.9999537031648064,
        0.9999901259705033
    ]
}