{
    "id": 8,
    "name": "FSVD",
    "parameters": {
        "rank": 10,
        "lr": 0.001,
        "reg": 0.005,
        "n_epochs": 100
    },
    "val_rmse": [
        1.0390471998367063,
        1.0241182811538025,
        1.0166903778166012,
        1.0120564931942535,
        1.0088795131864496,
        1.006559488985718,
        1.0048842566870348,
        1.0036214871239701,
        1.0026244647644806,
        1.0018363283161862,
        1.0012623344199434,
        1.0007653359638877,
        1.000448965619051,
        1.0001481964177257,
        0.9998920234481898,
        0.999738371320729,
        0.9996180177125062,
        0.9994666735716855,
        0.9993569720036762,
        0.9993474396618548,
        0.9993072150028359,
        0.9992557150828433,
        0.99928419237125
    ]
}