{
    "id": 6,
    "name": "FSVD",
    "parameters": {
        "rank": 6,
        "lr": 0.001,
        "reg": 0.005,
        "n_epochs": 5000
    },
    "val_rmse": [
        1.038752870009891,
        1.0238781765887877,
        1.0164785700625505,
        1.0118677048317974,
        1.0087022246755355,
        1.0064190119351981,
        1.0047233296672244,
        1.0034393253225713,
        1.0024535168224171,
        1.0016889080539169,
        1.0010914157392143,
        1.0006220600892066,
        1.0002521731961347,
        0.9999603200010053,
        0.9997302497892782,
        0.9995494955500097,
        0.999408394677965,
        0.9992993912688333,
        0.9992165309142361
    ]
}