{
    "id": 18,
    "name": "FSVD",
    "parameters": {
        "rank": 20,
        "lr": 0.001,
        "reg": 0.005,
        "n_epochs": 100
    },
    "val_rmse": [
        1.03933227634886,
        1.0244630879511356,
        1.017027415775661,
        1.012415188156364,
        1.0092200154397741,
        1.0069307277317536,
        1.0052456785061463,
        1.0039702605497651,
        1.0029682775571858,
        1.002232221231455,
        1.001675401653857,
        1.0012127947330578,
        1.0008689052145563,
        1.0005560450263289,
        1.0003361329437224,
        1.000193412401181,
        1.0000851913653128,
        1.0000101251666795,
        0.9999452698961594,
        0.9999197282263449,
        0.9999162962686657,
        0.9999359221979919
    ]
}