{
    "id": 7,
    "name": "FSVD",
    "parameters": {
        "rank": 9,
        "lr": 0.001,
        "reg": 0.005,
        "n_epochs": 100
    },
    "val_rmse": [
        1.0386877261729928,
        1.0237275145033866,
        1.0163409118404325,
        1.011748147785063,
        1.0085891082870975,
        1.0062800282203004,
        1.004542296608948,
        1.0033211161363589,
        1.0022965240013986,
        1.0015607778010764,
        1.000940879576117,
        1.0004755207683826,
        1.0001487345143203,
        0.9998717200479,
        0.999639665537748,
        0.9994694357946334,
        0.9993100839105999,
        0.9992264124278649,
        0.9991432442915251,
        0.9991124359390201,
        0.9990996587028412,
        0.9990292251836951,
        0.9990380329508584
    ]
}