{
    "id": 16,
    "name": "FSVD",
    "parameters": {
        "rank": 16,
        "lr": 0.001,
        "reg": 0.005,
        "n_epochs": 5000
    },
    "val_rmse": [
        1.039098731877871,
        1.0242123019238285,
        1.0168060677062494,
        1.0121919459418733,
        1.009025651105953,
        1.0067436056218688,
        1.0050508145157793,
        1.0037712702252424,
        1.0027913943399562,
        1.002034130295604,
        1.0014453578595242,
        1.0009860769194763,
        1.0006276120191324,
        1.0003485311226399,
        1.0001325958231495,
        0.9999673599297206,
        0.9998431896951367,
        0.9997525658193428
    ]
}