{
    "id": 21,
    "name": "FSVD",
    "parameters": {
        "rank": 23,
        "lr": 0.001,
        "reg": 0.005,
        "n_epochs": 100
    },
    "val_rmse": [
        1.0395705901195564,
        1.0246829953413517,
        1.0172347955616166,
        1.0125745293845125,
        1.0093895477312018,
        1.0071444385916695,
        1.0054209891227819,
        1.0041401228403053,
        1.0031856747091916,
        1.00240697065632,
        1.0018230997005315,
        1.0013622236821393,
        1.0010540557823044,
        1.0007205565537471,
        1.0005447054216758,
        1.0003629268945196,
        1.0002773673531646,
        1.0002068154255426,
        1.000147272772414,
        1.0001220190522317,
        1.0000934616435178,
        1.000083250397602,
        1.0001048375385866
    ]
}