{
    "id": 15,
    "name": "FSVD",
    "parameters": {
        "rank": 17,
        "lr": 0.001,
        "reg": 0.005,
        "n_epochs": 100
    },
    "val_rmse": [
        1.0392737951953819,
        1.024410753806888,
        1.0169828002409471,
        1.0123686104730991,
        1.0091642326811254,
        1.0068895549012653,
        1.0052095921323951,
        1.003935071688785,
        1.002969538790265,
        1.0022082294621446,
        1.0015964505564223,
        1.001133124276878,
        1.0007758944878011,
        1.0004854823710911,
        1.0002654370068478,
        1.000120762973849,
        0.9999757610039797,
        0.9999019321316169,
        0.9998565705135645,
        0.9997846684110864,
        0.9998094096175983
    ]
}