{
    "id": 12,
    "name": "NMF",
    "parameters": {
        "rank": 14,
        "imputation": "mean",
        "iter": 1024
    },
    "train_rmse": [
        0.9749957221408043
    ],
    "val_rmse": [
        1.0124082152480585
    ]
}