{
    "id": 9,
    "name": "NMF",
    "parameters": {
        "rank": 11,
        "imputation": "mean",
        "iter": 1024
    },
    "train_rmse": [
        0.9821097568748846
    ],
    "val_rmse": [
        1.012309391218261
    ]
}