{
    "id": 10,
    "name": "NMF",
    "parameters": {
        "rank": 12,
        "imputation": "mean",
        "iter": 1024
    },
    "train_rmse": [
        0.9799773876198627
    ],
    "val_rmse": [
        1.0123212247723907
    ]
}