{
    "id": 11,
    "name": "NMF",
    "parameters": {
        "rank": 13,
        "imputation": "mean",
        "iter": 1024
    },
    "train_rmse": [
        0.9779425148062834
    ],
    "val_rmse": [
        1.0125401209129676
    ]
}