{
    "id": 26,
    "name": "NMF",
    "parameters": {
        "rank": 28,
        "imputation": "mean",
        "iter": 1024
    },
    "train_rmse": [
        0.9450699662182248
    ],
    "val_rmse": [
        1.014181193447132
    ]
}