{
    "id": 3,
    "name": "NMF",
    "parameters": {
        "rank": 5,
        "imputation": "mean",
        "iter": 1024
    },
    "train_rmse": [
        0.9994889919834165
    ],
    "val_rmse": [
        1.0144271857700662
    ]
}