{
    "id": 4,
    "name": "NMF",
    "parameters": {
        "rank": 6,
        "imputation": "mean",
        "iter": 1024
    },
    "train_rmse": [
        0.9960875656982734
    ],
    "val_rmse": [
        1.013669291931305
    ]
}