{
    "id": 25,
    "name": "NMF",
    "parameters": {
        "rank": 27,
        "imputation": "mean",
        "iter": 1024
    },
    "train_rmse": [
        0.9470326251050604
    ],
    "val_rmse": [
        1.0135205457831071
    ]
}