{
    "id": 22,
    "name": "NMF",
    "parameters": {
        "rank": 24,
        "imputation": "mean",
        "iter": 1024
    },
    "train_rmse": [
        0.9531433614723697
    ],
    "val_rmse": [
        1.0132935730897286
    ]
}