{
    "id": 20,
    "name": "NMF",
    "parameters": {
        "rank": 22,
        "imputation": "mean",
        "iter": 1024
    },
    "train_rmse": [
        0.9574972488768074
    ],
    "val_rmse": [
        1.0133290851868704
    ]
}