{
    "id": 14,
    "name": "SVD",
    "parameters": {
        "rank": 14
    },
    "train_rmse": [
        0.9430691400107859
    ],
    "val_rmse": [
        1.0112727505256554
    ]
}