{
    "id": 2,
    "name": "SVD",
    "parameters": {
        "rank": 2
    },
    "train_rmse": [
        0.9796552566454361
    ],
    "val_rmse": [
        1.0157800420066279
    ]
}