{
    "id": 21,
    "name": "SVD",
    "parameters": {
        "rank": 21
    },
    "train_rmse": [
        0.9274344035703436
    ],
    "val_rmse": [
        1.011957353306814
    ]
}