{
    "id": 11,
    "name": "SVD",
    "parameters": {
        "rank": 11
    },
    "train_rmse": [
        0.9503078395930764
    ],
    "val_rmse": [
        1.0109974359923781
    ]
}