{
    "id": 18,
    "name": "SVD",
    "parameters": {
        "rank": 18
    },
    "train_rmse": [
        0.9340698954033391
    ],
    "val_rmse": [
        1.011632241987405
    ]
}