{
    "id": 29,
    "name": "SVD",
    "parameters": {
        "rank": 29
    },
    "train_rmse": [
        0.9099067569849753
    ],
    "val_rmse": [
        1.0133667905533899
    ]
}