{
    "id": 19,
    "name": "SVD",
    "parameters": {
        "rank": 19
    },
    "train_rmse": [
        0.9319398950447036
    ],
    "val_rmse": [
        1.0117627247351697
    ]
}