{
    "id": 10,
    "name": "SVD",
    "parameters": {
        "rank": 10
    },
    "train_rmse": [
        0.9525624384520911
    ],
    "val_rmse": [
        1.011030444164134
    ]
}