{
    "id": 1,
    "name": "SVD",
    "parameters": {
        "rank": 1
    },
    "train_rmse": [
        0.9853110885280204
    ],
    "val_rmse": [
        1.0186530914798686
    ]
}