{
    "id": 24,
    "name": "SVD",
    "parameters": {
        "rank": 24
    },
    "train_rmse": [
        0.9208832247869857
    ],
    "val_rmse": [
        1.0126617944397038
    ]
}