{
    "id": 7,
    "name": "SVD",
    "parameters": {
        "rank": 7
    },
    "train_rmse": [
        0.96073586406113
    ],
    "val_rmse": [
        1.0108976137789492
    ]
}