{
    "id": 12,
    "name": "SVD",
    "parameters": {
        "rank": 12
    },
    "train_rmse": [
        0.9479478488078145
    ],
    "val_rmse": [
        1.0110730926187126
    ]
}