{
    "id": 27,
    "name": "SVD",
    "parameters": {
        "rank": 27
    },
    "train_rmse": [
        0.914226628936627
    ],
    "val_rmse": [
        1.013207274382736
    ]
}