{
    "id": 26,
    "name": "SVD",
    "parameters": {
        "rank": 26
    },
    "train_rmse": [
        0.916442673924002
    ],
    "val_rmse": [
        1.0130443974507035
    ]
}