{
    "id": 32,
    "name": "SVD",
    "parameters": {
        "rank": 32
    },
    "train_rmse": [
        0.9037250749342833
    ],
    "val_rmse": [
        1.0136108079526034
    ]
}