{
    "id": 8,
    "name": "SVD",
    "parameters": {
        "rank": 8
    },
    "train_rmse": [
        0.9579104884291442
    ],
    "val_rmse": [
        1.0109559675040958
    ]
}