{
    "id": 25,
    "name": "SVD",
    "parameters": {
        "rank": 25
    },
    "train_rmse": [
        0.9186383167420631
    ],
    "val_rmse": [
        1.0128486042399236
    ]
}