{
    "id": 13,
    "name": "SVD",
    "parameters": {
        "rank": 13
    },
    "train_rmse": [
        0.9455245884390927
    ],
    "val_rmse": [
        1.0111678403963724
    ]
}