{
    "id": 9,
    "name": "SVD",
    "parameters": {
        "rank": 9
    },
    "train_rmse": [
        0.9551845252706833
    ],
    "val_rmse": [
        1.0110238791569597
    ]
}