{
    "id": 30,
    "name": "SVD",
    "parameters": {
        "rank": 30
    },
    "train_rmse": [
        0.9078862632719413
    ],
    "val_rmse": [
        1.0134255610985725
    ]
}