{
    "id": 33,
    "name": "SVD",
    "parameters": {
        "rank": 33
    },
    "train_rmse": [
        0.9015664871477913
    ],
    "val_rmse": [
        1.013751932508307
    ]
}