{
    "id": 35,
    "name": "SVD",
    "parameters": {
        "rank": 35
    },
    "train_rmse": [
        0.8973609488902534
    ],
    "val_rmse": [
        1.013965834510277
    ]
}