{
    "id": 16,
    "name": "SVD",
    "parameters": {
        "rank": 16
    },
    "train_rmse": [
        0.9384808317106399
    ],
    "val_rmse": [
        1.0114596108416267
    ]
}