{
    "id": 20,
    "name": "SVD",
    "parameters": {
        "rank": 20
    },
    "train_rmse": [
        0.9294531055542757
    ],
    "val_rmse": [
        1.011818694711473
    ]
}