{
    "id": 3,
    "name": "SVD",
    "parameters": {
        "rank": 3
    },
    "train_rmse": [
        0.9746355582101823
    ],
    "val_rmse": [
        1.0130970383682685
    ]
}