{
    "id": 5,
    "name": "SVD",
    "parameters": {
        "rank": 5
    },
    "train_rmse": [
        0.9672332013828588
    ],
    "val_rmse": [
        1.0118329327152724
    ]
}