{
    "id": 22,
    "name": "SVD",
    "parameters": {
        "rank": 22
    },
    "train_rmse": [
        0.9252155518725433
    ],
    "val_rmse": [
        1.0122295645013377
    ]
}