{
    "id": 31,
    "name": "SVD",
    "parameters": {
        "rank": 31
    },
    "train_rmse": [
        0.9058440357851888
    ],
    "val_rmse": [
        1.0135505977415467
    ]
}