{
    "id": 15,
    "name": "SVD",
    "parameters": {
        "rank": 15
    },
    "train_rmse": [
        0.9409695097211827
    ],
    "val_rmse": [
        1.0113818663152712
    ]
}