{
    "id": 4,
    "name": "SVD",
    "parameters": {
        "rank": 4
    },
    "train_rmse": [
        0.9707455809824627
    ],
    "val_rmse": [
        1.0123234382399622
    ]
}