{
    "id": 34,
    "name": "SVD",
    "parameters": {
        "rank": 34
    },
    "train_rmse": [
        0.8995023699109143
    ],
    "val_rmse": [
        1.0138150045959549
    ]
}