{
    "id": 17,
    "name": "SVD",
    "parameters": {
        "rank": 17
    },
    "train_rmse": [
        0.9361339833180502
    ],
    "val_rmse": [
        1.011518412317978
    ]
}