{
    "id": 28,
    "name": "SVD",
    "parameters": {
        "rank": 28
    },
    "train_rmse": [
        0.9120880726871616
    ],
    "val_rmse": [
        1.0132488257291794
    ]
}