{
    "id": 23,
    "name": "SVD",
    "parameters": {
        "rank": 23
    },
    "train_rmse": [
        0.9230137522480405
    ],
    "val_rmse": [
        1.012383656004941
    ]
}