{
    "id": 6,
    "name": "SVD",
    "parameters": {
        "rank": 6
    },
    "train_rmse": [
        0.9637380457614719
    ],
    "val_rmse": [
        1.0111251450099807
    ]
}